model,architecture,checkpoint,batch,precision,imgsz,available,iterations,mean_ms,median_ms,p95_ms,std_ms,min_ms,max_ms,fps,throughput_img_s,peak_allocated_mib,params,gflops,input_dtype,device,error
"E0 (YOLO26s baseline, best)",YOLO,<PIG_PROJECT>\results\baseline\E0_baseline\weights\best.pt,1,fp32,640,True,3000,28.4657,30.4937,39.6175,8.2525,12.366,85.3719,35.13,35.13,233.3,9948638,22.7,float32,cuda:0,
"E0 (YOLO26s baseline, best)",YOLO,<PIG_PROJECT>\results\baseline\E0_baseline\weights\best.pt,1,fp16,640,True,3000,35.9318,35.3833,44.4969,5.2086,17.5995,85.3453,27.83,27.83,196.1,9948638,,float16,cuda:0,
"E0 (YOLO26s baseline, best)",YOLO,<PIG_PROJECT>\results\baseline\E0_baseline\weights\best.pt,4,fp32,640,True,3000,28.2926,28.3028,29.2731,1.2476,26.5492,57.4249,35.34,141.38,332.7,9948638,22.7,float32,cuda:0,
"E0 (YOLO26s baseline, best)",YOLO,<PIG_PROJECT>\results\baseline\E0_baseline\weights\best.pt,4,fp16,640,True,3000,21.7917,20.9969,29.229,4.1211,16.0696,59.4245,45.89,183.56,263.6,9948638,,float16,cuda:0,
"E0 (YOLO26s baseline, last)",YOLO,<PIG_PROJECT>\results\baseline\E0_baseline\weights\last.pt,1,fp32,640,True,3000,18.4626,17.8611,24.3456,3.3111,12.6779,56.3108,54.16,54.16,233.6,9948638,22.7,float32,cuda:0,
"E0 (YOLO26s baseline, last)",YOLO,<PIG_PROJECT>\results\baseline\E0_baseline\weights\last.pt,1,fp16,640,True,3000,21.5781,20.9997,28.1027,3.698,14.7508,68.0858,46.34,46.34,196.1,9948638,,float16,cuda:0,
"E0 (YOLO26s baseline, last)",YOLO,<PIG_PROJECT>\results\baseline\E0_baseline\weights\last.pt,4,fp32,640,True,3000,27.4369,27.3407,28.0371,0.9359,26.1896,57.8908,36.45,145.79,332.7,9948638,22.7,float32,cuda:0,
"E0 (YOLO26s baseline, last)",YOLO,<PIG_PROJECT>\results\baseline\E0_baseline\weights\last.pt,4,fp16,640,True,3000,20.7378,19.8785,26.9599,3.4583,16.1659,57.7864,48.22,192.88,302.0,9948638,,float16,cuda:0,
"E5 (YOLO26s+CA+SIoU, best)",YOLO,<PIG_PROJECT>\results\ablation\E5_CA_SIoU\weights\best.pt,1,fp32,640,True,3000,19.0269,18.5539,24.5585,3.1736,13.5772,54.1604,52.56,52.56,271.0,9974286,22.7,float32,cuda:0,
"E5 (YOLO26s+CA+SIoU, best)",YOLO,<PIG_PROJECT>\results\ablation\E5_CA_SIoU\weights\best.pt,1,fp16,640,True,3000,22.4522,21.8282,28.9567,3.7059,15.5822,53.289,44.54,44.54,196.1,9974286,,float16,cuda:0,
"E5 (YOLO26s+CA+SIoU, best)",YOLO,<PIG_PROJECT>\results\ablation\E5_CA_SIoU\weights\best.pt,4,fp32,640,True,3000,27.6372,27.5348,28.244,0.9515,26.5482,59.7238,36.18,144.73,333.7,9974286,22.7,float32,cuda:0,
"E5 (YOLO26s+CA+SIoU, best)",YOLO,<PIG_PROJECT>\results\ablation\E5_CA_SIoU\weights\best.pt,4,fp16,640,True,3000,21.1581,20.3997,27.5763,3.5697,16.4198,78.7487,47.26,189.05,263.7,9974286,,float16,cuda:0,
"E5 (YOLO26s+CA+SIoU, last)",YOLO,<PIG_PROJECT>\results\ablation\E5_CA_SIoU\weights\last.pt,1,fp32,640,True,3000,18.8518,18.2277,24.6793,3.4539,13.0711,68.0653,53.05,53.05,233.7,9974286,22.7,float32,cuda:0,
"E5 (YOLO26s+CA+SIoU, last)",YOLO,<PIG_PROJECT>\results\ablation\E5_CA_SIoU\weights\last.pt,1,fp16,640,True,3000,22.2061,21.5751,28.5929,3.5664,15.616,54.1808,45.03,45.03,196.1,9974286,,float16,cuda:0,
"E5 (YOLO26s+CA+SIoU, last)",YOLO,<PIG_PROJECT>\results\ablation\E5_CA_SIoU\weights\last.pt,4,fp32,640,True,3000,27.7418,27.5671,28.5449,1.2247,26.4754,58.0628,36.05,144.19,333.7,9974286,22.7,float32,cuda:0,
"E5 (YOLO26s+CA+SIoU, last)",YOLO,<PIG_PROJECT>\results\ablation\E5_CA_SIoU\weights\last.pt,4,fp16,640,True,3000,21.3085,20.675,27.3285,3.3286,16.5222,58.4943,46.93,187.72,263.7,9974286,,float16,cuda:0,
YOLO11s baseline (best),YOLO,<PIG_PROJECT>\results\comparison\YOLO11s\weights\best.pt,1,fp32,640,True,3000,12.9908,12.4148,17.2759,2.4251,9.1672,40.4653,76.98,76.98,220.1,9428179,21.7,float32,cuda:0,
YOLO11s baseline (best),YOLO,<PIG_PROJECT>\results\comparison\YOLO11s\weights\best.pt,1,fp16,640,True,3000,15.228,14.5397,20.3561,2.8474,10.8383,60.8533,65.67,65.67,190.9,9428179,,float16,cuda:0,
YOLO11s baseline (best),YOLO,<PIG_PROJECT>\results\comparison\YOLO11s\weights\best.pt,4,fp32,640,True,3000,24.4495,24.3784,24.7665,0.7464,23.5561,45.5414,40.9,163.6,287.0,9428179,21.7,float32,cuda:0,
YOLO11s baseline (best),YOLO,<PIG_PROJECT>\results\comparison\YOLO11s\weights\best.pt,4,fp16,640,True,3000,15.8998,15.2904,19.4806,1.7653,14.0032,57.7085,62.89,251.58,263.4,9428179,,float16,cuda:0,
YOLO11s baseline (last),YOLO,<PIG_PROJECT>\results\comparison\YOLO11s\weights\last.pt,1,fp32,640,True,3000,13.1655,12.4335,18.1712,2.6225,8.9679,45.0386,75.96,75.96,220.1,9428179,21.7,float32,cuda:0,
YOLO11s baseline (last),YOLO,<PIG_PROJECT>\results\comparison\YOLO11s\weights\last.pt,1,fp16,640,True,3000,15.2693,14.4277,20.4501,2.811,10.7344,43.7442,65.49,65.49,190.9,9428179,,float16,cuda:0,
YOLO11s baseline (last),YOLO,<PIG_PROJECT>\results\comparison\YOLO11s\weights\last.pt,4,fp32,640,True,3000,24.4823,24.3978,24.926,0.6506,23.5745,41.7935,40.85,163.38,287.0,9428179,21.7,float32,cuda:0,
YOLO11s baseline (last),YOLO,<PIG_PROJECT>\results\comparison\YOLO11s\weights\last.pt,4,fp16,640,True,3000,16.0808,15.3196,20.1533,2.1874,14.0698,55.9545,62.19,248.74,263.4,9428179,,float16,cuda:0,
YOLO11s+CA (best),YOLO,<PIG_PROJECT>\results\yolo11_rep\y11_e1ca_seed42\weights\best.pt,1,fp32,640,True,3000,13.9067,13.2214,18.8908,2.7649,9.4341,52.3162,71.91,71.91,220.2,9453827,21.7,float32,cuda:0,
YOLO11s+CA (best),YOLO,<PIG_PROJECT>\results\yolo11_rep\y11_e1ca_seed42\weights\best.pt,1,fp16,640,True,3000,15.7817,14.9185,21.1476,2.9267,11.1493,41.0227,63.36,63.36,227.2,9453827,,float16,cuda:0,
YOLO11s+CA (best),YOLO,<PIG_PROJECT>\results\yolo11_rep\y11_e1ca_seed42\weights\best.pt,4,fp32,640,True,3000,24.6938,24.5893,25.2099,0.9633,23.6677,51.6443,40.5,161.98,323.4,9453827,21.7,float32,cuda:0,
YOLO11s+CA (best),YOLO,<PIG_PROJECT>\results\yolo11_rep\y11_e1ca_seed42\weights\best.pt,4,fp16,640,True,3000,16.5659,15.6017,21.4598,2.4498,14.249,57.7886,60.37,241.46,299.2,9453827,,float16,cuda:0,
YOLO11s+CA (last),YOLO,<PIG_PROJECT>\results\yolo11_rep\y11_e1ca_seed42\weights\last.pt,1,fp32,640,True,3000,13.7239,13.1086,18.6081,2.6001,9.4628,41.6174,72.87,72.87,256.8,9453827,21.7,float32,cuda:0,
YOLO11s+CA (last),YOLO,<PIG_PROJECT>\results\yolo11_rep\y11_e1ca_seed42\weights\last.pt,1,fp16,640,True,3000,15.856,15.0277,21.2247,2.9588,11.3928,60.4611,63.07,63.07,227.2,9453827,,float16,cuda:0,
YOLO11s+CA (last),YOLO,<PIG_PROJECT>\results\yolo11_rep\y11_e1ca_seed42\weights\last.pt,4,fp32,640,True,3000,24.6504,24.5535,25.0184,0.8675,23.5715,46.6268,40.57,162.27,287.1,9453827,21.7,float32,cuda:0,
YOLO11s+CA (last),YOLO,<PIG_PROJECT>\results\yolo11_rep\y11_e1ca_seed42\weights\last.pt,4,fp16,640,True,3000,16.3876,15.6538,20.2261,1.9855,14.0452,46.1056,61.02,244.09,263.5,9453827,,float16,cuda:0,
RT-DETR-L (best),RTDETR,<PIG_PROJECT>\runs\rtdetr_pigdetect\RTDETR_seed42\weights\best.pt,1,fp32,640,True,3000,36.0648,35.4196,42.2492,3.6615,29.9704,72.3077,27.73,27.73,321.4,32808131,109.9,float32,cuda:0,
RT-DETR-L (best),RTDETR,<PIG_PROJECT>\runs\rtdetr_pigdetect\RTDETR_seed42\weights\best.pt,1,fp16,640,True,3000,36.9199,36.1938,45.3604,5.3396,26.6045,125.8598,27.09,27.09,254.3,32808131,,float16,cuda:0,
RT-DETR-L (best),RTDETR,<PIG_PROJECT>\runs\rtdetr_pigdetect\RTDETR_seed42\weights\best.pt,4,fp32,640,True,3000,113.4836,113.0148,117.8194,2.568,108.7058,144.4227,8.81,35.25,520.2,32808131,109.9,float32,cuda:0,
RT-DETR-L (best),RTDETR,<PIG_PROJECT>\runs\rtdetr_pigdetect\RTDETR_seed42\weights\best.pt,4,fp16,640,True,3000,61.8729,61.1583,67.8995,3.5828,55.9258,92.5858,16.16,64.65,378.9,32808131,,float16,cuda:0,
RT-DETR-L (last),RTDETR,<PIG_PROJECT>\runs\rtdetr_pigdetect\RTDETR_seed42\weights\last.pt,1,fp32,640,True,3000,36.5356,35.8537,42.4645,3.7165,29.6397,73.1205,27.37,27.37,321.4,32808131,109.9,float32,cuda:0,
RT-DETR-L (last),RTDETR,<PIG_PROJECT>\runs\rtdetr_pigdetect\RTDETR_seed42\weights\last.pt,1,fp16,640,True,3000,37.2265,36.6296,45.738,5.1406,26.7571,93.9859,26.86,26.86,254.3,32808131,,float16,cuda:0,
RT-DETR-L (last),RTDETR,<PIG_PROJECT>\runs\rtdetr_pigdetect\RTDETR_seed42\weights\last.pt,4,fp32,640,True,3000,113.678,113.1716,118.442,2.6345,107.8302,145.0076,8.8,35.19,520.2,32808131,109.9,float32,cuda:0,
RT-DETR-L (last),RTDETR,<PIG_PROJECT>\runs\rtdetr_pigdetect\RTDETR_seed42\weights\last.pt,4,fp16,640,True,3000,61.9716,61.2018,68.1892,3.6285,55.853,98.1821,16.14,64.55,378.9,32808131,,float16,cuda:0,
