dataset,seed,arm,checkpoint_rule,variant,condition,images,gt_boxes,tp,fp,recall,precision
OinkTrack_official_test_8569,1,E0,best,A_locked_text_manuscript,D,663,19944,13751,1462,0.689480545527477,0.9038979819890883
OinkTrack_official_test_8569,1,E0,best,A_locked_text_manuscript,DN,5432,168561,102884,15679,0.6103665735253113,0.8677580695495222
OinkTrack_official_test_8569,1,E0,best,A_locked_text_manuscript,N,2470,73217,33338,3597,0.4553314121037464,0.902612697982943
OinkTrack_official_test_8569,1,E0,best,B_extension_strict,D,663,19944,13751,1462,0.689480545527477,0.9038979819890883
OinkTrack_official_test_8569,1,E0,best,B_extension_strict,DN,5432,168561,102884,15679,0.6103665735253113,0.8677580695495222
OinkTrack_official_test_8569,1,E0,best,B_extension_strict,N,2470,73217,33338,3597,0.4553314121037464,0.902612697982943
OinkTrack_official_test_8569,21,E0,best,A_locked_text_manuscript,D,663,19944,15340,2034,0.7691536301644605,0.882928513871302
OinkTrack_official_test_8569,21,E0,best,A_locked_text_manuscript,DN,5432,168561,115519,22816,0.6853246005896975,0.8350670473849713
OinkTrack_official_test_8569,21,E0,best,A_locked_text_manuscript,N,2470,73217,35066,9781,0.47893248835652924,0.7819029143532454
OinkTrack_official_test_8569,21,E0,best,B_extension_strict,D,663,19944,15340,2034,0.7691536301644605,0.882928513871302
OinkTrack_official_test_8569,21,E0,best,B_extension_strict,DN,5432,168561,115519,22816,0.6853246005896975,0.8350670473849713
OinkTrack_official_test_8569,21,E0,best,B_extension_strict,N,2470,73217,35066,9781,0.47893248835652924,0.7819029143532454
OinkTrack_official_test_8569,42,E0,best,A_locked_text_manuscript,D,663,19944,14719,2021,0.738016446048937,0.8792712066905616
OinkTrack_official_test_8569,42,E0,best,A_locked_text_manuscript,DN,5432,168561,108913,22351,0.6461340404957255,0.8297248293515358
OinkTrack_official_test_8569,42,E0,best,A_locked_text_manuscript,N,2470,73217,36204,3638,0.49447532676837347,0.9086893228251594
OinkTrack_official_test_8569,42,E0,best,B_extension_strict,D,663,19944,14719,2021,0.738016446048937,0.8792712066905616
OinkTrack_official_test_8569,42,E0,best,B_extension_strict,DN,5432,168561,108913,22351,0.6461340404957255,0.8297248293515358
OinkTrack_official_test_8569,42,E0,best,B_extension_strict,N,2470,73217,36204,3638,0.49447532676837347,0.9086893228251594
OinkTrack_official_test_8569,101,E0,best,A_locked_text_manuscript,D,663,19944,14247,1514,0.7143501805054152,0.9039401053232663
OinkTrack_official_test_8569,101,E0,best,A_locked_text_manuscript,DN,5432,168561,108247,17770,0.6421829486061426,0.8589872794940365
OinkTrack_official_test_8569,101,E0,best,A_locked_text_manuscript,N,2470,73217,33133,5764,0.4525315159047762,0.851813764557678
OinkTrack_official_test_8569,101,E0,best,B_extension_strict,D,663,19944,14247,1514,0.7143501805054152,0.9039401053232663
OinkTrack_official_test_8569,101,E0,best,B_extension_strict,DN,5432,168561,108247,17770,0.6421829486061426,0.8589872794940365
OinkTrack_official_test_8569,101,E0,best,B_extension_strict,N,2470,73217,33133,5764,0.4525315159047762,0.851813764557678
OinkTrack_official_test_8569,113,E0,best,A_locked_text_manuscript,D,663,19944,14070,1688,0.7054753309265944,0.892879807082117
OinkTrack_official_test_8569,113,E0,best,A_locked_text_manuscript,DN,5432,168561,109842,19584,0.6516453984017655,0.8486857354781883
OinkTrack_official_test_8569,113,E0,best,A_locked_text_manuscript,N,2470,73217,35384,4752,0.48327574197249273,0.8816025513254934
OinkTrack_official_test_8569,113,E0,best,B_extension_strict,D,663,19944,14070,1688,0.7054753309265944,0.892879807082117
OinkTrack_official_test_8569,113,E0,best,B_extension_strict,DN,5432,168561,109842,19584,0.6516453984017655,0.8486857354781883
OinkTrack_official_test_8569,113,E0,best,B_extension_strict,N,2470,73217,35384,4752,0.48327574197249273,0.8816025513254934
OinkTrack_official_test_8569,1,E5,best,A_locked_text_manuscript,D,663,19944,14998,1584,0.7520056157240272,0.9044747316367145
OinkTrack_official_test_8569,1,E5,best,A_locked_text_manuscript,DN,5432,168561,110316,19087,0.6544574367736309,0.8524995556517236
OinkTrack_official_test_8569,1,E5,best,A_locked_text_manuscript,N,2470,73217,33319,4086,0.4550719095292077,0.8907632669429221
OinkTrack_official_test_8569,1,E5,best,B_extension_strict,D,663,19944,14998,1584,0.7520056157240272,0.9044747316367145
OinkTrack_official_test_8569,1,E5,best,B_extension_strict,DN,5432,168561,110316,19087,0.6544574367736309,0.8524995556517236
OinkTrack_official_test_8569,1,E5,best,B_extension_strict,N,2470,73217,33319,4086,0.4550719095292077,0.8907632669429221
OinkTrack_official_test_8569,21,E5,best,A_locked_text_manuscript,D,663,19944,14831,1785,0.7436321700762134,0.8925734232065479
OinkTrack_official_test_8569,21,E5,best,A_locked_text_manuscript,DN,5432,168561,110448,20527,0.6552405360670618,0.8432754342431762
OinkTrack_official_test_8569,21,E5,best,A_locked_text_manuscript,N,2470,73217,34281,7474,0.46821093461900926,0.8210034726380074
OinkTrack_official_test_8569,21,E5,best,B_extension_strict,D,663,19944,14831,1785,0.7436321700762134,0.8925734232065479
OinkTrack_official_test_8569,21,E5,best,B_extension_strict,DN,5432,168561,110448,20527,0.6552405360670618,0.8432754342431762
OinkTrack_official_test_8569,21,E5,best,B_extension_strict,N,2470,73217,34281,7474,0.46821093461900926,0.8210034726380074
OinkTrack_official_test_8569,42,E5,best,A_locked_text_manuscript,D,663,19944,13895,1991,0.6967007621339751,0.8746695203323681
OinkTrack_official_test_8569,42,E5,best,A_locked_text_manuscript,DN,5432,168561,106062,20100,0.6292202822716999,0.8406810291529938
OinkTrack_official_test_8569,42,E5,best,A_locked_text_manuscript,N,2470,73217,34492,6996,0.4710927789994127,0.8313729271114539
OinkTrack_official_test_8569,42,E5,best,B_extension_strict,D,663,19944,13895,1991,0.6967007621339751,0.8746695203323681
OinkTrack_official_test_8569,42,E5,best,B_extension_strict,DN,5432,168561,106062,20100,0.6292202822716999,0.8406810291529938
OinkTrack_official_test_8569,42,E5,best,B_extension_strict,N,2470,73217,34492,6996,0.4710927789994127,0.8313729271114539
OinkTrack_official_test_8569,101,E5,best,A_locked_text_manuscript,D,663,19944,14261,1327,0.7150521460088247,0.9148704131383115
OinkTrack_official_test_8569,101,E5,best,A_locked_text_manuscript,DN,5432,168561,109257,15731,0.6481748447149697,0.8741399174320735
OinkTrack_official_test_8569,101,E5,best,A_locked_text_manuscript,N,2470,73217,33313,4460,0.4549899613477744,0.8819262436131629
OinkTrack_official_test_8569,101,E5,best,B_extension_strict,D,663,19944,14261,1327,0.7150521460088247,0.9148704131383115
OinkTrack_official_test_8569,101,E5,best,B_extension_strict,DN,5432,168561,109257,15731,0.6481748447149697,0.8741399174320735
OinkTrack_official_test_8569,101,E5,best,B_extension_strict,N,2470,73217,33313,4460,0.4549899613477744,0.8819262436131629
OinkTrack_official_test_8569,113,E5,best,A_locked_text_manuscript,D,663,19944,13858,1594,0.6948455675892499,0.8968418327724567
OinkTrack_official_test_8569,113,E5,best,A_locked_text_manuscript,DN,5432,168561,102237,21880,0.6065282004734192,0.823714720787644
OinkTrack_official_test_8569,113,E5,best,A_locked_text_manuscript,N,2470,73217,35179,7795,0.48047584577352254,0.8186112533159585
OinkTrack_official_test_8569,113,E5,best,B_extension_strict,D,663,19944,13858,1594,0.6948455675892499,0.8968418327724567
OinkTrack_official_test_8569,113,E5,best,B_extension_strict,DN,5432,168561,102237,21880,0.6065282004734192,0.823714720787644
OinkTrack_official_test_8569,113,E5,best,B_extension_strict,N,2470,73217,35179,7795,0.48047584577352254,0.8186112533159585
OinkTrack_official_test_8569,1,E0,last,A_locked_text_manuscript,D,663,19944,13751,1462,0.689480545527477,0.9038979819890883
OinkTrack_official_test_8569,1,E0,last,A_locked_text_manuscript,DN,5432,168561,102884,15679,0.6103665735253113,0.8677580695495222
OinkTrack_official_test_8569,1,E0,last,A_locked_text_manuscript,N,2470,73217,33338,3597,0.4553314121037464,0.902612697982943
OinkTrack_official_test_8569,1,E0,last,B_extension_strict,D,663,19944,13751,1462,0.689480545527477,0.9038979819890883
OinkTrack_official_test_8569,1,E0,last,B_extension_strict,DN,5432,168561,102884,15679,0.6103665735253113,0.8677580695495222
OinkTrack_official_test_8569,1,E0,last,B_extension_strict,N,2470,73217,33338,3597,0.4553314121037464,0.902612697982943
OinkTrack_official_test_8569,21,E0,last,A_locked_text_manuscript,D,663,19944,15363,2092,0.7703068592057761,0.8801489544543111
OinkTrack_official_test_8569,21,E0,last,A_locked_text_manuscript,DN,5432,168561,115251,22416,0.6837346717212166,0.8371723070888448
OinkTrack_official_test_8569,21,E0,last,A_locked_text_manuscript,N,2470,73217,35126,9581,0.47975197017086196,0.785693515556848
OinkTrack_official_test_8569,21,E0,last,B_extension_strict,D,663,19944,15363,2092,0.7703068592057761,0.8801489544543111
OinkTrack_official_test_8569,21,E0,last,B_extension_strict,DN,5432,168561,115251,22416,0.6837346717212166,0.8371723070888448
OinkTrack_official_test_8569,21,E0,last,B_extension_strict,N,2470,73217,35126,9581,0.47975197017086196,0.785693515556848
OinkTrack_official_test_8569,42,E0,last,A_locked_text_manuscript,D,663,19944,14750,2012,0.7395707982350581,0.8799665910989142
OinkTrack_official_test_8569,42,E0,last,A_locked_text_manuscript,DN,5432,168561,109708,23041,0.6508504339675251,0.8264318375279663
OinkTrack_official_test_8569,42,E0,last,A_locked_text_manuscript,N,2470,73217,36292,4268,0.4956772334293948,0.8947731755424063
OinkTrack_official_test_8569,42,E0,last,B_extension_strict,D,663,19944,14750,2012,0.7395707982350581,0.8799665910989142
OinkTrack_official_test_8569,42,E0,last,B_extension_strict,DN,5432,168561,109708,23041,0.6508504339675251,0.8264318375279663
OinkTrack_official_test_8569,42,E0,last,B_extension_strict,N,2470,73217,36292,4268,0.4956772334293948,0.8947731755424063
OinkTrack_official_test_8569,101,E0,last,A_locked_text_manuscript,D,663,19944,14189,1484,0.7114420377055756,0.9053148727110317
OinkTrack_official_test_8569,101,E0,last,A_locked_text_manuscript,DN,5432,168561,108586,17315,0.6441940899733628,0.8624713068204383
OinkTrack_official_test_8569,101,E0,last,A_locked_text_manuscript,N,2470,73217,33531,5665,0.45796741193985,0.8554699459128482
OinkTrack_official_test_8569,101,E0,last,B_extension_strict,D,663,19944,14189,1484,0.7114420377055756,0.9053148727110317
OinkTrack_official_test_8569,101,E0,last,B_extension_strict,DN,5432,168561,108586,17315,0.6441940899733628,0.8624713068204383
OinkTrack_official_test_8569,101,E0,last,B_extension_strict,N,2470,73217,33531,5665,0.45796741193985,0.8554699459128482
OinkTrack_official_test_8569,113,E0,last,A_locked_text_manuscript,D,663,19944,13920,1698,0.6979542719614922,0.8912792931233192
OinkTrack_official_test_8569,113,E0,last,A_locked_text_manuscript,DN,5432,168561,107857,20604,0.6398692461482787,0.8396089085403352
OinkTrack_official_test_8569,113,E0,last,A_locked_text_manuscript,N,2470,73217,35126,4868,0.47975197017086196,0.8782817422613391
OinkTrack_official_test_8569,113,E0,last,B_extension_strict,D,663,19944,13920,1698,0.6979542719614922,0.8912792931233192
OinkTrack_official_test_8569,113,E0,last,B_extension_strict,DN,5432,168561,107857,20604,0.6398692461482787,0.8396089085403352
OinkTrack_official_test_8569,113,E0,last,B_extension_strict,N,2470,73217,35126,4868,0.47975197017086196,0.8782817422613391
OinkTrack_official_test_8569,1,E5,last,A_locked_text_manuscript,D,663,19944,15029,1589,0.7535599679101485,0.9043807919123842
OinkTrack_official_test_8569,1,E5,last,A_locked_text_manuscript,DN,5432,168561,110196,19527,0.6537455283250574,0.8494715663375038
OinkTrack_official_test_8569,1,E5,last,A_locked_text_manuscript,N,2470,73217,33023,4300,0.4510291325784995,0.8847895399619538
OinkTrack_official_test_8569,1,E5,last,B_extension_strict,D,663,19944,15029,1589,0.7535599679101485,0.9043807919123842
OinkTrack_official_test_8569,1,E5,last,B_extension_strict,DN,5432,168561,110196,19527,0.6537455283250574,0.8494715663375038
OinkTrack_official_test_8569,1,E5,last,B_extension_strict,N,2470,73217,33023,4300,0.4510291325784995,0.8847895399619538
OinkTrack_official_test_8569,21,E5,last,A_locked_text_manuscript,D,663,19944,14508,1403,0.7274368231046932,0.911822009930237
OinkTrack_official_test_8569,21,E5,last,A_locked_text_manuscript,DN,5432,168561,107215,16908,0.6360605359484104,0.8637802824617516
OinkTrack_official_test_8569,21,E5,last,A_locked_text_manuscript,N,2470,73217,33519,5667,0.4578035155769835,0.8553820241923136
OinkTrack_official_test_8569,21,E5,last,B_extension_strict,D,663,19944,14508,1403,0.7274368231046932,0.911822009930237
OinkTrack_official_test_8569,21,E5,last,B_extension_strict,DN,5432,168561,107215,16908,0.6360605359484104,0.8637802824617516
OinkTrack_official_test_8569,21,E5,last,B_extension_strict,N,2470,73217,33519,5667,0.4578035155769835,0.8553820241923136
OinkTrack_official_test_8569,42,E5,last,A_locked_text_manuscript,D,663,19944,13727,1895,0.6882771760930606,0.8786967097682755
OinkTrack_official_test_8569,42,E5,last,A_locked_text_manuscript,DN,5432,168561,104881,18415,0.6222139166236555,0.8506439787178822
OinkTrack_official_test_8569,42,E5,last,A_locked_text_manuscript,N,2470,73217,33668,5978,0.45983856208257645,0.8492155576855168
OinkTrack_official_test_8569,42,E5,last,B_extension_strict,D,663,19944,13727,1895,0.6882771760930606,0.8786967097682755
OinkTrack_official_test_8569,42,E5,last,B_extension_strict,DN,5432,168561,104881,18415,0.6222139166236555,0.8506439787178822
OinkTrack_official_test_8569,42,E5,last,B_extension_strict,N,2470,73217,33668,5978,0.45983856208257645,0.8492155576855168
OinkTrack_official_test_8569,101,E5,last,A_locked_text_manuscript,D,663,19944,14430,1246,0.72352587244284,0.9205154376116356
OinkTrack_official_test_8569,101,E5,last,A_locked_text_manuscript,DN,5432,168561,110012,16087,0.652653935370578,0.8724256338273896
OinkTrack_official_test_8569,101,E5,last,A_locked_text_manuscript,N,2470,73217,32596,6242,0.4451971536664982,0.83928111643236
OinkTrack_official_test_8569,101,E5,last,B_extension_strict,D,663,19944,14430,1246,0.72352587244284,0.9205154376116356
OinkTrack_official_test_8569,101,E5,last,B_extension_strict,DN,5432,168561,110012,16087,0.652653935370578,0.8724256338273896
OinkTrack_official_test_8569,101,E5,last,B_extension_strict,N,2470,73217,32596,6242,0.4451971536664982,0.83928111643236
OinkTrack_official_test_8569,113,E5,last,A_locked_text_manuscript,D,663,19944,13858,1594,0.6948455675892499,0.8968418327724567
OinkTrack_official_test_8569,113,E5,last,A_locked_text_manuscript,DN,5432,168561,102237,21880,0.6065282004734192,0.823714720787644
OinkTrack_official_test_8569,113,E5,last,A_locked_text_manuscript,N,2470,73217,35179,7795,0.48047584577352254,0.8186112533159585
OinkTrack_official_test_8569,113,E5,last,B_extension_strict,D,663,19944,13858,1594,0.6948455675892499,0.8968418327724567
OinkTrack_official_test_8569,113,E5,last,B_extension_strict,DN,5432,168561,102237,21880,0.6065282004734192,0.823714720787644
OinkTrack_official_test_8569,113,E5,last,B_extension_strict,N,2470,73217,35179,7795,0.48047584577352254,0.8186112533159585
