dataset,seed,arm,checkpoint_rule,variant,condition,instances,hits,recall
PigDetect_official_test_250,1,E0,best,A_locked_text_manuscript,Low,1715,1687,0.9836734693877551
PigDetect_official_test_250,1,E0,best,A_locked_text_manuscript,Medium,1385,1349,0.9740072202166065
PigDetect_official_test_250,1,E0,best,A_locked_text_manuscript,High,2336,2130,0.9118150684931506
PigDetect_official_test_250,1,E0,best,B_extension_strict,Low,1715,1687,0.9836734693877551
PigDetect_official_test_250,1,E0,best,B_extension_strict,Medium,1385,1349,0.9740072202166065
PigDetect_official_test_250,1,E0,best,B_extension_strict,High,2336,2130,0.9118150684931506
PigDetect_official_test_250,21,E0,best,A_locked_text_manuscript,Low,1715,1689,0.9848396501457726
PigDetect_official_test_250,21,E0,best,A_locked_text_manuscript,Medium,1385,1350,0.9747292418772563
PigDetect_official_test_250,21,E0,best,A_locked_text_manuscript,High,2336,2119,0.9071061643835616
PigDetect_official_test_250,21,E0,best,B_extension_strict,Low,1715,1689,0.9848396501457726
PigDetect_official_test_250,21,E0,best,B_extension_strict,Medium,1385,1350,0.9747292418772563
PigDetect_official_test_250,21,E0,best,B_extension_strict,High,2336,2119,0.9071061643835616
PigDetect_official_test_250,42,E0,best,A_locked_text_manuscript,Low,1715,1688,0.9842565597667638
PigDetect_official_test_250,42,E0,best,A_locked_text_manuscript,Medium,1385,1339,0.9667870036101083
PigDetect_official_test_250,42,E0,best,A_locked_text_manuscript,High,2336,2111,0.903681506849315
PigDetect_official_test_250,42,E0,best,B_extension_strict,Low,1715,1688,0.9842565597667638
PigDetect_official_test_250,42,E0,best,B_extension_strict,Medium,1385,1339,0.9667870036101083
PigDetect_official_test_250,42,E0,best,B_extension_strict,High,2336,2111,0.903681506849315
PigDetect_official_test_250,101,E0,best,A_locked_text_manuscript,Low,1715,1693,0.9871720116618076
PigDetect_official_test_250,101,E0,best,A_locked_text_manuscript,Medium,1385,1350,0.9747292418772563
PigDetect_official_test_250,101,E0,best,A_locked_text_manuscript,High,2336,2124,0.9092465753424658
PigDetect_official_test_250,101,E0,best,B_extension_strict,Low,1715,1693,0.9871720116618076
PigDetect_official_test_250,101,E0,best,B_extension_strict,Medium,1385,1350,0.9747292418772563
PigDetect_official_test_250,101,E0,best,B_extension_strict,High,2336,2124,0.9092465753424658
PigDetect_official_test_250,113,E0,best,A_locked_text_manuscript,Low,1715,1693,0.9871720116618076
PigDetect_official_test_250,113,E0,best,A_locked_text_manuscript,Medium,1385,1348,0.9732851985559566
PigDetect_official_test_250,113,E0,best,A_locked_text_manuscript,High,2336,2126,0.9101027397260274
PigDetect_official_test_250,113,E0,best,B_extension_strict,Low,1715,1693,0.9871720116618076
PigDetect_official_test_250,113,E0,best,B_extension_strict,Medium,1385,1348,0.9732851985559566
PigDetect_official_test_250,113,E0,best,B_extension_strict,High,2336,2126,0.9101027397260274
PigDetect_official_test_250,1,E5,best,A_locked_text_manuscript,Low,1715,1696,0.9889212827988338
PigDetect_official_test_250,1,E5,best,A_locked_text_manuscript,Medium,1385,1356,0.9790613718411553
PigDetect_official_test_250,1,E5,best,A_locked_text_manuscript,High,2336,2125,0.9096746575342466
PigDetect_official_test_250,1,E5,best,B_extension_strict,Low,1715,1696,0.9889212827988338
PigDetect_official_test_250,1,E5,best,B_extension_strict,Medium,1385,1356,0.9790613718411553
PigDetect_official_test_250,1,E5,best,B_extension_strict,High,2336,2125,0.9096746575342466
PigDetect_official_test_250,21,E5,best,A_locked_text_manuscript,Low,1715,1696,0.9889212827988338
PigDetect_official_test_250,21,E5,best,A_locked_text_manuscript,Medium,1385,1343,0.9696750902527076
PigDetect_official_test_250,21,E5,best,A_locked_text_manuscript,High,2336,2118,0.9066780821917808
PigDetect_official_test_250,21,E5,best,B_extension_strict,Low,1715,1696,0.9889212827988338
PigDetect_official_test_250,21,E5,best,B_extension_strict,Medium,1385,1343,0.9696750902527076
PigDetect_official_test_250,21,E5,best,B_extension_strict,High,2336,2118,0.9066780821917808
PigDetect_official_test_250,42,E5,best,A_locked_text_manuscript,Low,1715,1686,0.9830903790087464
PigDetect_official_test_250,42,E5,best,A_locked_text_manuscript,Medium,1385,1342,0.9689530685920578
PigDetect_official_test_250,42,E5,best,A_locked_text_manuscript,High,2336,2106,0.901541095890411
PigDetect_official_test_250,42,E5,best,B_extension_strict,Low,1715,1686,0.9830903790087464
PigDetect_official_test_250,42,E5,best,B_extension_strict,Medium,1385,1342,0.9689530685920578
PigDetect_official_test_250,42,E5,best,B_extension_strict,High,2336,2106,0.901541095890411
PigDetect_official_test_250,101,E5,best,A_locked_text_manuscript,Low,1715,1685,0.9825072886297376
PigDetect_official_test_250,101,E5,best,A_locked_text_manuscript,Medium,1385,1343,0.9696750902527076
PigDetect_official_test_250,101,E5,best,A_locked_text_manuscript,High,2336,2106,0.901541095890411
PigDetect_official_test_250,101,E5,best,B_extension_strict,Low,1715,1685,0.9825072886297376
PigDetect_official_test_250,101,E5,best,B_extension_strict,Medium,1385,1343,0.9696750902527076
PigDetect_official_test_250,101,E5,best,B_extension_strict,High,2336,2106,0.901541095890411
PigDetect_official_test_250,113,E5,best,A_locked_text_manuscript,Low,1715,1690,0.9854227405247813
PigDetect_official_test_250,113,E5,best,A_locked_text_manuscript,Medium,1385,1346,0.9718411552346571
PigDetect_official_test_250,113,E5,best,A_locked_text_manuscript,High,2336,2117,0.90625
PigDetect_official_test_250,113,E5,best,B_extension_strict,Low,1715,1690,0.9854227405247813
PigDetect_official_test_250,113,E5,best,B_extension_strict,Medium,1385,1346,0.9718411552346571
PigDetect_official_test_250,113,E5,best,B_extension_strict,High,2336,2117,0.90625
PigDetect_official_test_250,1,E0,last,A_locked_text_manuscript,Low,1715,1687,0.9836734693877551
PigDetect_official_test_250,1,E0,last,A_locked_text_manuscript,Medium,1385,1349,0.9740072202166065
PigDetect_official_test_250,1,E0,last,A_locked_text_manuscript,High,2336,2130,0.9118150684931506
PigDetect_official_test_250,1,E0,last,B_extension_strict,Low,1715,1687,0.9836734693877551
PigDetect_official_test_250,1,E0,last,B_extension_strict,Medium,1385,1349,0.9740072202166065
PigDetect_official_test_250,1,E0,last,B_extension_strict,High,2336,2130,0.9118150684931506
PigDetect_official_test_250,21,E0,last,A_locked_text_manuscript,Low,1715,1693,0.9871720116618076
PigDetect_official_test_250,21,E0,last,A_locked_text_manuscript,Medium,1385,1348,0.9732851985559566
PigDetect_official_test_250,21,E0,last,A_locked_text_manuscript,High,2336,2103,0.9002568493150684
PigDetect_official_test_250,21,E0,last,B_extension_strict,Low,1715,1693,0.9871720116618076
PigDetect_official_test_250,21,E0,last,B_extension_strict,Medium,1385,1348,0.9732851985559566
PigDetect_official_test_250,21,E0,last,B_extension_strict,High,2336,2103,0.9002568493150684
PigDetect_official_test_250,42,E0,last,A_locked_text_manuscript,Low,1715,1690,0.9854227405247813
PigDetect_official_test_250,42,E0,last,A_locked_text_manuscript,Medium,1385,1343,0.9696750902527076
PigDetect_official_test_250,42,E0,last,A_locked_text_manuscript,High,2336,2115,0.9053938356164384
PigDetect_official_test_250,42,E0,last,B_extension_strict,Low,1715,1690,0.9854227405247813
PigDetect_official_test_250,42,E0,last,B_extension_strict,Medium,1385,1343,0.9696750902527076
PigDetect_official_test_250,42,E0,last,B_extension_strict,High,2336,2115,0.9053938356164384
PigDetect_official_test_250,101,E0,last,A_locked_text_manuscript,Low,1715,1694,0.9877551020408163
PigDetect_official_test_250,101,E0,last,A_locked_text_manuscript,Medium,1385,1344,0.9703971119133574
PigDetect_official_test_250,101,E0,last,A_locked_text_manuscript,High,2336,2120,0.9075342465753424
PigDetect_official_test_250,101,E0,last,B_extension_strict,Low,1715,1694,0.9877551020408163
PigDetect_official_test_250,101,E0,last,B_extension_strict,Medium,1385,1344,0.9703971119133574
PigDetect_official_test_250,101,E0,last,B_extension_strict,High,2336,2120,0.9075342465753424
PigDetect_official_test_250,113,E0,last,A_locked_text_manuscript,Low,1715,1692,0.9865889212827988
PigDetect_official_test_250,113,E0,last,A_locked_text_manuscript,Medium,1385,1344,0.9703971119133574
PigDetect_official_test_250,113,E0,last,A_locked_text_manuscript,High,2336,2131,0.9122431506849316
PigDetect_official_test_250,113,E0,last,B_extension_strict,Low,1715,1692,0.9865889212827988
PigDetect_official_test_250,113,E0,last,B_extension_strict,Medium,1385,1344,0.9703971119133574
PigDetect_official_test_250,113,E0,last,B_extension_strict,High,2336,2131,0.9122431506849316
PigDetect_official_test_250,1,E5,last,A_locked_text_manuscript,Low,1715,1695,0.9883381924198251
PigDetect_official_test_250,1,E5,last,A_locked_text_manuscript,Medium,1385,1355,0.9783393501805054
PigDetect_official_test_250,1,E5,last,A_locked_text_manuscript,High,2336,2125,0.9096746575342466
PigDetect_official_test_250,1,E5,last,B_extension_strict,Low,1715,1695,0.9883381924198251
PigDetect_official_test_250,1,E5,last,B_extension_strict,Medium,1385,1355,0.9783393501805054
PigDetect_official_test_250,1,E5,last,B_extension_strict,High,2336,2125,0.9096746575342466
PigDetect_official_test_250,21,E5,last,A_locked_text_manuscript,Low,1715,1692,0.9865889212827988
PigDetect_official_test_250,21,E5,last,A_locked_text_manuscript,Medium,1385,1340,0.9675090252707581
PigDetect_official_test_250,21,E5,last,A_locked_text_manuscript,High,2336,2105,0.9011130136986302
PigDetect_official_test_250,21,E5,last,B_extension_strict,Low,1715,1692,0.9865889212827988
PigDetect_official_test_250,21,E5,last,B_extension_strict,Medium,1385,1340,0.9675090252707581
PigDetect_official_test_250,21,E5,last,B_extension_strict,High,2336,2105,0.9011130136986302
PigDetect_official_test_250,42,E5,last,A_locked_text_manuscript,Low,1715,1689,0.9848396501457726
PigDetect_official_test_250,42,E5,last,A_locked_text_manuscript,Medium,1385,1345,0.9711191335740073
PigDetect_official_test_250,42,E5,last,A_locked_text_manuscript,High,2336,2130,0.9118150684931506
PigDetect_official_test_250,42,E5,last,B_extension_strict,Low,1715,1689,0.9848396501457726
PigDetect_official_test_250,42,E5,last,B_extension_strict,Medium,1385,1345,0.9711191335740073
PigDetect_official_test_250,42,E5,last,B_extension_strict,High,2336,2130,0.9118150684931506
PigDetect_official_test_250,101,E5,last,A_locked_text_manuscript,Low,1715,1686,0.9830903790087464
PigDetect_official_test_250,101,E5,last,A_locked_text_manuscript,Medium,1385,1338,0.9660649819494584
PigDetect_official_test_250,101,E5,last,A_locked_text_manuscript,High,2336,2102,0.8998287671232876
PigDetect_official_test_250,101,E5,last,B_extension_strict,Low,1715,1686,0.9830903790087464
PigDetect_official_test_250,101,E5,last,B_extension_strict,Medium,1385,1338,0.9660649819494584
PigDetect_official_test_250,101,E5,last,B_extension_strict,High,2336,2102,0.8998287671232876
PigDetect_official_test_250,113,E5,last,A_locked_text_manuscript,Low,1715,1690,0.9854227405247813
PigDetect_official_test_250,113,E5,last,A_locked_text_manuscript,Medium,1385,1346,0.9718411552346571
PigDetect_official_test_250,113,E5,last,A_locked_text_manuscript,High,2336,2117,0.90625
PigDetect_official_test_250,113,E5,last,B_extension_strict,Low,1715,1690,0.9854227405247813
PigDetect_official_test_250,113,E5,last,B_extension_strict,Medium,1385,1346,0.9718411552346571
PigDetect_official_test_250,113,E5,last,B_extension_strict,High,2336,2117,0.90625
OinkTrack_official_test_8569,1,E0,best,A_locked_text_manuscript,Low,26733,13664,0.5111285676878764
OinkTrack_official_test_8569,1,E0,best,A_locked_text_manuscript,Medium,55291,31769,0.5745781411079561
OinkTrack_official_test_8569,1,E0,best,A_locked_text_manuscript,High,179698,104540,0.5817538314282852
OinkTrack_official_test_8569,1,E0,best,B_extension_strict,Low,26733,13664,0.5111285676878764
OinkTrack_official_test_8569,1,E0,best,B_extension_strict,Medium,55291,31769,0.5745781411079561
OinkTrack_official_test_8569,1,E0,best,B_extension_strict,High,179698,104540,0.5817538314282852
OinkTrack_official_test_8569,21,E0,best,A_locked_text_manuscript,Low,26733,15691,0.5869524557662814
OinkTrack_official_test_8569,21,E0,best,A_locked_text_manuscript,Medium,55291,35540,0.6427809227541553
OinkTrack_official_test_8569,21,E0,best,A_locked_text_manuscript,High,179698,114694,0.6382597469087024
OinkTrack_official_test_8569,21,E0,best,B_extension_strict,Low,26733,15691,0.5869524557662814
OinkTrack_official_test_8569,21,E0,best,B_extension_strict,Medium,55291,35540,0.6427809227541553
OinkTrack_official_test_8569,21,E0,best,B_extension_strict,High,179698,114694,0.6382597469087024
OinkTrack_official_test_8569,42,E0,best,A_locked_text_manuscript,Low,26733,14276,0.5340216212172222
OinkTrack_official_test_8569,42,E0,best,A_locked_text_manuscript,Medium,55291,33866,0.6125047476081098
OinkTrack_official_test_8569,42,E0,best,A_locked_text_manuscript,High,179698,111694,0.6215650702845886
OinkTrack_official_test_8569,42,E0,best,B_extension_strict,Low,26733,14276,0.5340216212172222
OinkTrack_official_test_8569,42,E0,best,B_extension_strict,Medium,55291,33866,0.6125047476081098
OinkTrack_official_test_8569,42,E0,best,B_extension_strict,High,179698,111694,0.6215650702845886
OinkTrack_official_test_8569,101,E0,best,A_locked_text_manuscript,Low,26733,14364,0.5373134328358209
OinkTrack_official_test_8569,101,E0,best,A_locked_text_manuscript,Medium,55291,33307,0.6023946030999621
OinkTrack_official_test_8569,101,E0,best,A_locked_text_manuscript,High,179698,107956,0.6007635032109429
OinkTrack_official_test_8569,101,E0,best,B_extension_strict,Low,26733,14364,0.5373134328358209
OinkTrack_official_test_8569,101,E0,best,B_extension_strict,Medium,55291,33307,0.6023946030999621
OinkTrack_official_test_8569,101,E0,best,B_extension_strict,High,179698,107956,0.6007635032109429
OinkTrack_official_test_8569,113,E0,best,A_locked_text_manuscript,Low,26733,14334,0.5361912243294804
OinkTrack_official_test_8569,113,E0,best,A_locked_text_manuscript,Medium,55291,33821,0.6116908719321409
OinkTrack_official_test_8569,113,E0,best,A_locked_text_manuscript,High,179698,111141,0.6184876848935437
OinkTrack_official_test_8569,113,E0,best,B_extension_strict,Low,26733,14334,0.5361912243294804
OinkTrack_official_test_8569,113,E0,best,B_extension_strict,Medium,55291,33821,0.6116908719321409
OinkTrack_official_test_8569,113,E0,best,B_extension_strict,High,179698,111141,0.6184876848935437
OinkTrack_official_test_8569,1,E5,best,A_locked_text_manuscript,Low,26733,14771,0.55253806157184
OinkTrack_official_test_8569,1,E5,best,A_locked_text_manuscript,Medium,55291,33815,0.611582355175345
OinkTrack_official_test_8569,1,E5,best,A_locked_text_manuscript,High,179698,110047,0.6123996928179501
OinkTrack_official_test_8569,1,E5,best,B_extension_strict,Low,26733,14771,0.55253806157184
OinkTrack_official_test_8569,1,E5,best,B_extension_strict,Medium,55291,33815,0.611582355175345
OinkTrack_official_test_8569,1,E5,best,B_extension_strict,High,179698,110047,0.6123996928179501
OinkTrack_official_test_8569,21,E5,best,A_locked_text_manuscript,Low,26733,14665,0.548572924849437
OinkTrack_official_test_8569,21,E5,best,A_locked_text_manuscript,Medium,55291,34028,0.6154347000415981
OinkTrack_official_test_8569,21,E5,best,A_locked_text_manuscript,High,179698,110867,0.6169629044285412
OinkTrack_official_test_8569,21,E5,best,B_extension_strict,Low,26733,14665,0.548572924849437
OinkTrack_official_test_8569,21,E5,best,B_extension_strict,Medium,55291,34028,0.6154347000415981
OinkTrack_official_test_8569,21,E5,best,B_extension_strict,High,179698,110867,0.6169629044285412
OinkTrack_official_test_8569,42,E5,best,A_locked_text_manuscript,Low,26733,14133,0.5286724273369993
OinkTrack_official_test_8569,42,E5,best,A_locked_text_manuscript,Medium,55291,33231,0.6010200575138811
OinkTrack_official_test_8569,42,E5,best,A_locked_text_manuscript,High,179698,107085,0.5959164820977417
OinkTrack_official_test_8569,42,E5,best,B_extension_strict,Low,26733,14133,0.5286724273369993
OinkTrack_official_test_8569,42,E5,best,B_extension_strict,Medium,55291,33231,0.6010200575138811
OinkTrack_official_test_8569,42,E5,best,B_extension_strict,High,179698,107085,0.5959164820977417
OinkTrack_official_test_8569,101,E5,best,A_locked_text_manuscript,Low,26733,14340,0.5364156660307485
OinkTrack_official_test_8569,101,E5,best,A_locked_text_manuscript,Medium,55291,33289,0.6020690528295745
OinkTrack_official_test_8569,101,E5,best,A_locked_text_manuscript,High,179698,109202,0.607697358902158
OinkTrack_official_test_8569,101,E5,best,B_extension_strict,Low,26733,14340,0.5364156660307485
OinkTrack_official_test_8569,101,E5,best,B_extension_strict,Medium,55291,33289,0.6020690528295745
OinkTrack_official_test_8569,101,E5,best,B_extension_strict,High,179698,109202,0.607697358902158
OinkTrack_official_test_8569,113,E5,best,A_locked_text_manuscript,Low,26733,14350,0.536789735532862
OinkTrack_official_test_8569,113,E5,best,A_locked_text_manuscript,Medium,55291,32349,0.5850680942648894
OinkTrack_official_test_8569,113,E5,best,A_locked_text_manuscript,High,179698,104575,0.5819486026555666
OinkTrack_official_test_8569,113,E5,best,B_extension_strict,Low,26733,14350,0.536789735532862
OinkTrack_official_test_8569,113,E5,best,B_extension_strict,Medium,55291,32349,0.5850680942648894
OinkTrack_official_test_8569,113,E5,best,B_extension_strict,High,179698,104575,0.5819486026555666
OinkTrack_official_test_8569,1,E0,last,A_locked_text_manuscript,Low,26733,13664,0.5111285676878764
OinkTrack_official_test_8569,1,E0,last,A_locked_text_manuscript,Medium,55291,31769,0.5745781411079561
OinkTrack_official_test_8569,1,E0,last,A_locked_text_manuscript,High,179698,104540,0.5817538314282852
OinkTrack_official_test_8569,1,E0,last,B_extension_strict,Low,26733,13664,0.5111285676878764
OinkTrack_official_test_8569,1,E0,last,B_extension_strict,Medium,55291,31769,0.5745781411079561
OinkTrack_official_test_8569,1,E0,last,B_extension_strict,High,179698,104540,0.5817538314282852
OinkTrack_official_test_8569,21,E0,last,A_locked_text_manuscript,Low,26733,15636,0.5848950735046572
OinkTrack_official_test_8569,21,E0,last,A_locked_text_manuscript,Medium,55291,35477,0.6416414968077987
OinkTrack_official_test_8569,21,E0,last,A_locked_text_manuscript,High,179698,114627,0.6378868991307638
OinkTrack_official_test_8569,21,E0,last,B_extension_strict,Low,26733,15636,0.5848950735046572
OinkTrack_official_test_8569,21,E0,last,B_extension_strict,Medium,55291,35477,0.6416414968077987
OinkTrack_official_test_8569,21,E0,last,B_extension_strict,High,179698,114627,0.6378868991307638
OinkTrack_official_test_8569,42,E0,last,A_locked_text_manuscript,Low,26733,14427,0.5396700706991359
OinkTrack_official_test_8569,42,E0,last,A_locked_text_manuscript,Medium,55291,33941,0.6138612070680581
OinkTrack_official_test_8569,42,E0,last,A_locked_text_manuscript,High,179698,112382,0.6253937161237186
OinkTrack_official_test_8569,42,E0,last,B_extension_strict,Low,26733,14427,0.5396700706991359
OinkTrack_official_test_8569,42,E0,last,B_extension_strict,Medium,55291,33941,0.6138612070680581
OinkTrack_official_test_8569,42,E0,last,B_extension_strict,High,179698,112382,0.6253937161237186
OinkTrack_official_test_8569,101,E0,last,A_locked_text_manuscript,Low,26733,14430,0.53978229154977
OinkTrack_official_test_8569,101,E0,last,A_locked_text_manuscript,Medium,55291,33586,0.6074406322909696
OinkTrack_official_test_8569,101,E0,last,A_locked_text_manuscript,High,179698,108290,0.6026221772084275
OinkTrack_official_test_8569,101,E0,last,B_extension_strict,Low,26733,14430,0.53978229154977
OinkTrack_official_test_8569,101,E0,last,B_extension_strict,Medium,55291,33586,0.6074406322909696
OinkTrack_official_test_8569,101,E0,last,B_extension_strict,High,179698,108290,0.6026221772084275
OinkTrack_official_test_8569,113,E0,last,A_locked_text_manuscript,Low,26733,14250,0.5330490405117271
OinkTrack_official_test_8569,113,E0,last,A_locked_text_manuscript,Medium,55291,33482,0.6055596751731747
OinkTrack_official_test_8569,113,E0,last,A_locked_text_manuscript,High,179698,109171,0.6075248472437089
OinkTrack_official_test_8569,113,E0,last,B_extension_strict,Low,26733,14250,0.5330490405117271
OinkTrack_official_test_8569,113,E0,last,B_extension_strict,Medium,55291,33482,0.6055596751731747
OinkTrack_official_test_8569,113,E0,last,B_extension_strict,High,179698,109171,0.6075248472437089
OinkTrack_official_test_8569,1,E5,last,A_locked_text_manuscript,Low,26733,14720,0.5506303071110612
OinkTrack_official_test_8569,1,E5,last,A_locked_text_manuscript,Medium,55291,33738,0.6101897234631314
OinkTrack_official_test_8569,1,E5,last,A_locked_text_manuscript,High,179698,109790,0.6109695155204844
OinkTrack_official_test_8569,1,E5,last,B_extension_strict,Low,26733,14720,0.5506303071110612
OinkTrack_official_test_8569,1,E5,last,B_extension_strict,Medium,55291,33738,0.6101897234631314
OinkTrack_official_test_8569,1,E5,last,B_extension_strict,High,179698,109790,0.6109695155204844
OinkTrack_official_test_8569,21,E5,last,A_locked_text_manuscript,Low,26733,14537,0.5437848352223843
OinkTrack_official_test_8569,21,E5,last,A_locked_text_manuscript,Medium,55291,33267,0.6016711580546563
OinkTrack_official_test_8569,21,E5,last,A_locked_text_manuscript,High,179698,107438,0.5978808890471792
OinkTrack_official_test_8569,21,E5,last,B_extension_strict,Low,26733,14537,0.5437848352223843
OinkTrack_official_test_8569,21,E5,last,B_extension_strict,Medium,55291,33267,0.6016711580546563
OinkTrack_official_test_8569,21,E5,last,B_extension_strict,High,179698,107438,0.5978808890471792
OinkTrack_official_test_8569,42,E5,last,A_locked_text_manuscript,Low,26733,13997,0.5235850821082557
OinkTrack_official_test_8569,42,E5,last,A_locked_text_manuscript,Medium,55291,32703,0.5914705829158452
OinkTrack_official_test_8569,42,E5,last,A_locked_text_manuscript,High,179698,105576,0.5875190597558125
OinkTrack_official_test_8569,42,E5,last,B_extension_strict,Low,26733,13997,0.5235850821082557
OinkTrack_official_test_8569,42,E5,last,B_extension_strict,Medium,55291,32703,0.5914705829158452
OinkTrack_official_test_8569,42,E5,last,B_extension_strict,High,179698,105576,0.5875190597558125
OinkTrack_official_test_8569,101,E5,last,A_locked_text_manuscript,Low,26733,14405,0.5388471177944862
OinkTrack_official_test_8569,101,E5,last,A_locked_text_manuscript,Medium,55291,33470,0.605342641659583
OinkTrack_official_test_8569,101,E5,last,A_locked_text_manuscript,High,179698,109163,0.6074803281060446
OinkTrack_official_test_8569,101,E5,last,B_extension_strict,Low,26733,14405,0.5388471177944862
OinkTrack_official_test_8569,101,E5,last,B_extension_strict,Medium,55291,33470,0.605342641659583
OinkTrack_official_test_8569,101,E5,last,B_extension_strict,High,179698,109163,0.6074803281060446
OinkTrack_official_test_8569,113,E5,last,A_locked_text_manuscript,Low,26733,14350,0.536789735532862
OinkTrack_official_test_8569,113,E5,last,A_locked_text_manuscript,Medium,55291,32349,0.5850680942648894
OinkTrack_official_test_8569,113,E5,last,A_locked_text_manuscript,High,179698,104575,0.5819486026555666
OinkTrack_official_test_8569,113,E5,last,B_extension_strict,Low,26733,14350,0.536789735532862
OinkTrack_official_test_8569,113,E5,last,B_extension_strict,Medium,55291,32349,0.5850680942648894
OinkTrack_official_test_8569,113,E5,last,B_extension_strict,High,179698,104575,0.5819486026555666
