run_id,model,seed,checkpoint_rule,checkpoint_path,mAP50,mAP50_95,precision,recall,dataset,imgsz,evaluation_timestamp,git_commit
E0_seed101,E0,101,best,<PIG_PROJECT>/runs/cea_10seed_corrected/E0_seed101/weights/best.pt,0.667,0.3709,0.8604,0.5939,OinkTrack official test split,640,2026-09-17T15:18:24,829edbaf88b1c94ec48901568fcd0e4a704991e0
E0_seed101,E0,101,last,<PIG_PROJECT>/runs/cea_10seed_corrected/E0_seed101/weights/last.pt,0.6686,0.3727,0.8646,0.596,OinkTrack official test split,640,2026-09-17T15:19:58,829edbaf88b1c94ec48901568fcd0e4a704991e0
E0_seed103,E0,103,best,<PIG_PROJECT>/runs/cea_10seed_corrected/E0_seed103/weights/best.pt,0.6608,0.3708,0.8366,0.5888,OinkTrack official test split,640,2026-09-17T15:21:32,829edbaf88b1c94ec48901568fcd0e4a704991e0
E0_seed103,E0,103,last,<PIG_PROJECT>/runs/cea_10seed_corrected/E0_seed103/weights/last.pt,0.6513,0.3657,0.8547,0.5794,OinkTrack official test split,640,2026-09-17T15:23:06,829edbaf88b1c94ec48901568fcd0e4a704991e0
E0_seed107,E0,107,best,<PIG_PROJECT>/runs/cea_10seed_corrected/E0_seed107/weights/best.pt,0.6701,0.3741,0.8515,0.6006,OinkTrack official test split,640,2026-09-17T15:24:40,829edbaf88b1c94ec48901568fcd0e4a704991e0
E0_seed107,E0,107,last,<PIG_PROJECT>/runs/cea_10seed_corrected/E0_seed107/weights/last.pt,0.6462,0.3588,0.8405,0.5817,OinkTrack official test split,640,2026-09-17T15:26:14,829edbaf88b1c94ec48901568fcd0e4a704991e0
E0_seed109,E0,109,best,<PIG_PROJECT>/runs/cea_10seed_corrected/E0_seed109/weights/best.pt,0.6309,0.3513,0.8343,0.57,OinkTrack official test split,640,2026-09-17T15:27:48,829edbaf88b1c94ec48901568fcd0e4a704991e0
E0_seed109,E0,109,last,<PIG_PROJECT>/runs/cea_10seed_corrected/E0_seed109/weights/last.pt,0.6375,0.3568,0.8368,0.5787,OinkTrack official test split,640,2026-09-17T15:29:24,829edbaf88b1c94ec48901568fcd0e4a704991e0
E0_seed113,E0,113,best,<PIG_PROJECT>/runs/cea_10seed_corrected/E0_seed113/weights/best.pt,0.6758,0.3752,0.8589,0.6081,OinkTrack official test split,640,2026-09-17T15:30:58,829edbaf88b1c94ec48901568fcd0e4a704991e0
E0_seed113,E0,113,last,<PIG_PROJECT>/runs/cea_10seed_corrected/E0_seed113/weights/last.pt,0.6644,0.3694,0.8568,0.5966,OinkTrack official test split,640,2026-09-17T15:32:31,829edbaf88b1c94ec48901568fcd0e4a704991e0
E5_seed101,E5,101,best,<PIG_PROJECT>/runs/cea_10seed_corrected/E5_seed101/weights/best.pt,0.6628,0.3704,0.8757,0.5998,OinkTrack official test split,640,2026-09-17T15:34:06,829edbaf88b1c94ec48901568fcd0e4a704991e0
E5_seed101,E5,101,last,<PIG_PROJECT>/runs/cea_10seed_corrected/E5_seed101/weights/last.pt,0.6589,0.3708,0.8626,0.6021,OinkTrack official test split,640,2026-09-17T15:35:40,829edbaf88b1c94ec48901568fcd0e4a704991e0
E5_seed103,E5,103,best,<PIG_PROJECT>/runs/cea_10seed_corrected/E5_seed103/weights/best.pt,0.6318,0.3544,0.8422,0.5736,OinkTrack official test split,640,2026-09-17T15:37:14,829edbaf88b1c94ec48901568fcd0e4a704991e0
E5_seed103,E5,103,last,<PIG_PROJECT>/runs/cea_10seed_corrected/E5_seed103/weights/last.pt,0.6259,0.3512,0.8383,0.5721,OinkTrack official test split,640,2026-09-17T15:38:48,829edbaf88b1c94ec48901568fcd0e4a704991e0
E5_seed107,E5,107,best,<PIG_PROJECT>/runs/cea_10seed_corrected/E5_seed107/weights/best.pt,0.6549,0.3652,0.8697,0.5811,OinkTrack official test split,640,2026-09-17T15:40:22,829edbaf88b1c94ec48901568fcd0e4a704991e0
E5_seed107,E5,107,last,<PIG_PROJECT>/runs/cea_10seed_corrected/E5_seed107/weights/last.pt,0.6342,0.354,0.8685,0.572,OinkTrack official test split,640,2026-09-17T15:41:56,829edbaf88b1c94ec48901568fcd0e4a704991e0
E5_seed109,E5,109,best,<PIG_PROJECT>/runs/cea_10seed_corrected/E5_seed109/weights/best.pt,0.637,0.3567,0.8557,0.5688,OinkTrack official test split,640,2026-09-17T15:43:30,829edbaf88b1c94ec48901568fcd0e4a704991e0
E5_seed109,E5,109,last,<PIG_PROJECT>/runs/cea_10seed_corrected/E5_seed109/weights/last.pt,0.6286,0.3535,0.8494,0.5717,OinkTrack official test split,640,2026-09-17T15:45:05,829edbaf88b1c94ec48901568fcd0e4a704991e0
E5_seed113,E5,113,best,<PIG_PROJECT>/runs/cea_10seed_corrected/E5_seed113/weights/best.pt,0.6274,0.3523,0.837,0.5731,OinkTrack official test split,640,2026-09-17T15:46:39,829edbaf88b1c94ec48901568fcd0e4a704991e0
E5_seed113,E5,113,last,<PIG_PROJECT>/runs/cea_10seed_corrected/E5_seed113/weights/last.pt,0.6274,0.3523,0.837,0.5731,OinkTrack official test split,640,2026-09-17T15:48:23,829edbaf88b1c94ec48901568fcd0e4a704991e0
lc_E0_seed1,E0,1,best,<PIG_PROJECT>/results/leakage_corrected_confirmatory/runs/lc_E0_seed1/weights/best.pt,0.6456,0.3622,0.8692,0.5762,OinkTrack official test split,640,2026-09-17T15:49:58,829edbaf88b1c94ec48901568fcd0e4a704991e0
lc_E0_seed1,E0,1,last,<PIG_PROJECT>/results/leakage_corrected_confirmatory/runs/lc_E0_seed1/weights/last.pt,0.6456,0.3622,0.8692,0.5762,OinkTrack official test split,640,2026-09-17T15:51:32,829edbaf88b1c94ec48901568fcd0e4a704991e0
lc_E0_seed7,E0,7,best,<PIG_PROJECT>/results/leakage_corrected_confirmatory/runs/lc_E0_seed7/weights/best.pt,0.6753,0.3824,0.861,0.605,OinkTrack official test split,640,2026-09-17T15:53:06,829edbaf88b1c94ec48901568fcd0e4a704991e0
lc_E0_seed7,E0,7,last,<PIG_PROJECT>/results/leakage_corrected_confirmatory/runs/lc_E0_seed7/weights/last.pt,0.6582,0.3715,0.8672,0.5909,OinkTrack official test split,640,2026-09-17T15:54:40,829edbaf88b1c94ec48901568fcd0e4a704991e0
lc_E0_seed21,E0,21,best,<PIG_PROJECT>/results/leakage_corrected_confirmatory/runs/lc_E0_seed21/weights/best.pt,0.6802,0.377,0.8365,0.6272,OinkTrack official test split,640,2026-09-17T15:56:14,829edbaf88b1c94ec48901568fcd0e4a704991e0
lc_E0_seed21,E0,21,last,<PIG_PROJECT>/results/leakage_corrected_confirmatory/runs/lc_E0_seed21/weights/last.pt,0.6807,0.3781,0.8365,0.6276,OinkTrack official test split,640,2026-09-17T15:57:51,829edbaf88b1c94ec48901568fcd0e4a704991e0
lc_E0_seed42,E0,42,best,<PIG_PROJECT>/results/leakage_corrected_confirmatory/runs/lc_E0_seed42/weights/best.pt,0.6704,0.3765,0.87,0.6008,OinkTrack official test split,640,2026-09-17T15:59:25,829edbaf88b1c94ec48901568fcd0e4a704991e0
lc_E0_seed42,E0,42,last,<PIG_PROJECT>/results/leakage_corrected_confirmatory/runs/lc_E0_seed42/weights/last.pt,0.6682,0.3741,0.8621,0.6051,OinkTrack official test split,640,2026-09-17T16:00:59,829edbaf88b1c94ec48901568fcd0e4a704991e0
lc_E0_seed100,E0,100,best,<PIG_PROJECT>/results/leakage_corrected_confirmatory/runs/lc_E0_seed100/weights/best.pt,0.6196,0.3468,0.8506,0.5607,OinkTrack official test split,640,2026-09-17T16:02:34,829edbaf88b1c94ec48901568fcd0e4a704991e0
lc_E0_seed100,E0,100,last,<PIG_PROJECT>/results/leakage_corrected_confirmatory/runs/lc_E0_seed100/weights/last.pt,0.6249,0.3505,0.8589,0.5647,OinkTrack official test split,640,2026-09-17T16:04:08,829edbaf88b1c94ec48901568fcd0e4a704991e0
lc_E5_seed1,E5,1,best,<PIG_PROJECT>/results/leakage_corrected_confirmatory/runs/lc_E5_seed1/weights/best.pt,0.6708,0.3752,0.8647,0.605,OinkTrack official test split,640,2026-09-17T16:05:42,829edbaf88b1c94ec48901568fcd0e4a704991e0
lc_E5_seed1,E5,1,last,<PIG_PROJECT>/results/leakage_corrected_confirmatory/runs/lc_E5_seed1/weights/last.pt,0.6696,0.3739,0.8618,0.603,OinkTrack official test split,640,2026-09-17T16:07:17,829edbaf88b1c94ec48901568fcd0e4a704991e0
lc_E5_seed7-2,E5,7,best,<PIG_PROJECT>/results/leakage_corrected_confirmatory/runs/lc_E5_seed7-2/weights/best.pt,0.6563,0.3708,0.8565,0.5831,OinkTrack official test split,640,2026-09-17T16:08:51,829edbaf88b1c94ec48901568fcd0e4a704991e0
lc_E5_seed7-2,E5,7,last,<PIG_PROJECT>/results/leakage_corrected_confirmatory/runs/lc_E5_seed7-2/weights/last.pt,0.6509,0.3697,0.8581,0.5874,OinkTrack official test split,640,2026-09-17T16:10:25,829edbaf88b1c94ec48901568fcd0e4a704991e0
lc_E5_seed21,E5,21,best,<PIG_PROJECT>/results/leakage_corrected_confirmatory/runs/lc_E5_seed21/weights/best.pt,0.6674,0.3748,0.8585,0.6009,OinkTrack official test split,640,2026-09-17T16:11:59,829edbaf88b1c94ec48901568fcd0e4a704991e0
lc_E5_seed21,E5,21,last,<PIG_PROJECT>/results/leakage_corrected_confirmatory/runs/lc_E5_seed21/weights/last.pt,0.6656,0.37,0.8617,0.5941,OinkTrack official test split,640,2026-09-17T16:13:34,829edbaf88b1c94ec48901568fcd0e4a704991e0
lc_E5_seed42,E5,42,best,<PIG_PROJECT>/results/leakage_corrected_confirmatory/runs/lc_E5_seed42/weights/best.pt,0.6545,0.3654,0.854,0.5831,OinkTrack official test split,640,2026-09-17T16:15:08,829edbaf88b1c94ec48901568fcd0e4a704991e0
lc_E5_seed42,E5,42,last,<PIG_PROJECT>/results/leakage_corrected_confirmatory/runs/lc_E5_seed42/weights/last.pt,0.6466,0.3622,0.8549,0.5795,OinkTrack official test split,640,2026-09-17T16:16:42,829edbaf88b1c94ec48901568fcd0e4a704991e0
lc_E5_seed100,E5,100,best,<PIG_PROJECT>/results/leakage_corrected_confirmatory/runs/lc_E5_seed100/weights/best.pt,0.6321,0.3523,0.8488,0.5602,OinkTrack official test split,640,2026-09-17T16:18:17,829edbaf88b1c94ec48901568fcd0e4a704991e0
lc_E5_seed100,E5,100,last,<PIG_PROJECT>/results/leakage_corrected_confirmatory/runs/lc_E5_seed100/weights/last.pt,0.6375,0.3545,0.8579,0.5664,OinkTrack official test split,640,2026-09-17T16:19:51,829edbaf88b1c94ec48901568fcd0e4a704991e0
RTDETR_seed1,RTDETR-L,1,best,<PIG_PROJECT>/runs/rtdetr_pigdetect/RTDETR_seed1/weights/best.pt,0.7133,0.3896,0.8713,0.6385,OinkTrack official test split,640,2026-09-17T16:24:51,829edbaf88b1c94ec48901568fcd0e4a704991e0
RTDETR_seed1,RTDETR-L,1,last,<PIG_PROJECT>/runs/rtdetr_pigdetect/RTDETR_seed1/weights/last.pt,0.7133,0.3896,0.8713,0.6385,OinkTrack official test split,640,2026-09-17T16:29:52,829edbaf88b1c94ec48901568fcd0e4a704991e0
RTDETR_seed7,RTDETR-L,7,best,<PIG_PROJECT>/runs/rtdetr_pigdetect/RTDETR_seed7/weights/best.pt,0.7095,0.3891,0.8735,0.6457,OinkTrack official test split,640,2026-09-17T16:34:53,829edbaf88b1c94ec48901568fcd0e4a704991e0
RTDETR_seed7,RTDETR-L,7,last,<PIG_PROJECT>/runs/rtdetr_pigdetect/RTDETR_seed7/weights/last.pt,0.7095,0.3891,0.8735,0.6457,OinkTrack official test split,640,2026-09-17T16:39:54,829edbaf88b1c94ec48901568fcd0e4a704991e0
RTDETR_seed42,RTDETR-L,42,best,<PIG_PROJECT>/runs/rtdetr_pigdetect/RTDETR_seed42/weights/best.pt,0.6807,0.3691,0.8508,0.6272,OinkTrack official test split,640,2026-09-17T16:44:55,829edbaf88b1c94ec48901568fcd0e4a704991e0
RTDETR_seed42,RTDETR-L,42,last,<PIG_PROJECT>/runs/rtdetr_pigdetect/RTDETR_seed42/weights/last.pt,0.694,0.3791,0.8572,0.6395,OinkTrack official test split,640,2026-09-17T16:49:56,829edbaf88b1c94ec48901568fcd0e4a704991e0
